"Durchschnittliches steuerbares Einkommen* pro Steuerpflichtigem/-r, 2020",,,27598
,,,
,,"Steuerbares Einkommen, in Mio. Franken","Steuerbares Einkommen pro Steuerpflichtigem/-r, in Franken"
Regions-ID,Regionsname,,
,,,
,Schweiz,"309,266","79,015"
1,Aeugst am Albis,111,"115,286"
2,Affoltern am Albis,412,"74,896"
3,Bonstetten,231,"91,023"
4,Hausen am Albis,164,"97,382"
5,Hedingen,167,"94,955"
6,Kappel am Albis,55,"97,090"
7,Knonau,91,"86,992"
8,Maschwanden,22,"72,427"
9,Mettmenstetten,221,"90,336"
10,Obfelden,194,"79,419"
11,Ottenbach,107,"83,296"
12,Rifferswil,46,"96,300"
13,Stallikon,181,"104,142"
14,Wettswil am Albis,285,"117,836"
21,Adlikon,25,"77,621"
22,Benken (ZH),34,"86,625"
23,Berg am Irchel,36,"114,529"
24,Buch am Irchel,37,"83,094"
25,Dachsen,75,"87,569"
26,Dorf,24,"83,152"
27,Feuerthalen,130,"76,797"
28,Flaach,48,"74,881"
29,Flurlingen,69,"95,652"
30,Andelfingen,88,"85,483"
31,Henggart,83,"79,746"
32,Humlikon,19,"92,520"
33,Kleinandelfingen,77,"79,337"
34,Laufen-Uhwiesen,87,"98,692"
35,Marthalen,75,"81,878"
37,Ossingen,59,"74,358"
38,Rheinau,43,"72,849"
39,Thalheim an der Thur,34,"76,950"
40,Trüllikon,36,"73,013"
41,Truttikon,15,"78,397"
43,Volken,14,"87,196"
51,Bachenbülach,152,"82,825"
52,Bassersdorf,433,"79,668"
53,Bülach,766,"77,640"
54,Dietlikon,298,"81,608"
55,Eglisau,205,"86,474"
56,Embrach,299,"73,162"
57,Freienstein-Teufen,89,"80,798"
58,Glattfelden,174,"74,571"
59,Hochfelden,73,"82,850"
60,Höri,80,"68,816"
61,Hüntwangen,43,"88,201"
62,Kloten,653,"70,054"
63,Lufingen,110,"91,832"
64,Nürensdorf,272,"98,739"
65,Oberembrach,46,"83,530"
66,Opfikon,689,"76,603"
67,Rafz,164,"79,405"
68,Rorbas,85,"73,478"
69,Wallisellen,725,"88,329"
70,Wasterkingen,21,"74,720"
71,Wil (ZH),58,"90,191"
72,Winkel,267,"112,064"
81,Bachs,22,"74,703"
82,Boppelsen,81,"120,735"
83,Buchs (ZH),225,"78,044"
84,Dällikon,141,"75,766"
85,Dänikon,64,"82,496"
86,Dielsdorf,195,"74,128"
87,Hüttikon,41,"100,395"
88,Neerach,193,"108,866"
89,Niederglatt,164,"73,348"
90,Niederhasli,307,"74,651"
91,Niederweningen,119,"87,949"
92,Oberglatt,203,"66,276"
93,Oberweningen,75,"88,058"
94,Otelfingen,112,"86,554"
95,Regensberg,22,"96,730"
96,Regensdorf,586,"73,870"
97,Rümlang,259,"72,032"
98,Schleinikon,34,"75,646"
99,Schöfflisdorf,61,"93,100"
100,Stadel,86,"75,942"
101,Steinmaur,126,"79,782"
102,Weiach,63,"68,807"
111,Bäretswil,175,"78,237"
112,Bubikon,278,"83,250"
113,Dürnten,254,"76,298"
114,Fischenthal,70,"67,866"
115,Gossau (ZH),384,"82,072"
116,Grüningen,145,"84,672"
117,Hinwil,389,"72,858"
118,Rüti (ZH),377,"67,939"
119,Seegräben,53,"81,872"
120,Wald (ZH),289,"65,956"
121,Wetzikon (ZH),798,"70,964"
131,Adliswil,807,"93,210"
135,Kilchberg (ZH),856,"188,323"
136,Langnau am Albis,340,"97,895"
137,Oberrieden,309,"121,368"
138,Richterswil,577,"90,809"
139,Rüschlikon,543,"189,267"
141,Thalwil,"1,053","117,600"
151,Erlenbach (ZH),511,"195,853"
152,Herrliberg,587,"192,038"
153,Hombrechtikon,318,"80,005"
154,Küsnacht (ZH),"1,354","191,913"
155,Männedorf,583,"107,425"
156,Meilen,997,"143,986"
157,Oetwil am See,146,"71,492"
158,Stäfa,749,"104,308"
159,Uetikon am See,361,"124,815"
160,Zumikon,484,"189,813"
161,Zollikon,"1,160","178,706"
172,Fehraltorf,236,"79,576"
173,Hittnau,141,"82,191"
176,Lindau,226,"89,539"
177,Pfäffikon,479,"81,336"
178,Russikon,182,"92,706"
180,Weisslingen,138,"88,469"
181,Wila,61,"69,066"
182,Wildberg,36,"76,390"
191,Dübendorf,"1,150","81,414"
192,Egg,394,"96,073"
193,Fällanden,379,"92,939"
194,Greifensee,223,"94,167"
195,Maur,585,"116,496"
196,Mönchaltorf,143,"78,062"
197,Schwerzenbach,193,"81,156"
198,Uster,"1,364","81,622"
199,Volketswil,688,"80,963"
200,Wangen-Brüttisellen,304,"86,407"
211,Altikon,27,"80,834"
213,Brütten,104,"100,565"
214,Dägerlen,37,"77,731"
215,Dättlikon,34,"100,893"
216,Dinhard,69,"84,473"
218,Ellikon an der Thur,35,"84,405"
219,Elsau,130,"84,059"
220,Hagenbuch,37,"74,175"
221,Hettlingen,141,"104,019"
223,Neftenbach,232,"89,931"
224,Pfungen,127,"73,001"
225,Rickenbach (ZH),92,"77,951"
226,Schlatt (ZH),24,"76,257"
227,Seuzach,320,"88,024"
228,Turbenthal,135,"66,586"
230,Winterthur,"3,711","71,746"
231,Zell (ZH),192,"69,892"
241,Aesch (ZH),91,"109,902"
242,Birmensdorf (ZH),280,"89,357"
243,Dietikon,738,"66,038"
244,Geroldswil,184,"83,635"
245,Oberengstringen,250,"80,637"
246,Oetwil an der Limmat,125,"95,235"
247,Schlieren,587,"67,639"
248,Uitikon,363,"154,696"
249,Unterengstringen,178,"94,422"
250,Urdorf,355,"76,759"
251,Weiningen (ZH),187,"84,520"
261,Zürich,"17,873","88,043"
292,Stammheim,94,"75,296"
293,Wädenswil,"1,066","90,439"
294,Elgg,161,"74,260"
295,Horgen,"1,118","104,716"
296,Illnau-Effretikon,559,"73,230"
297,Bauma,151,"71,381"
298,Wiesendangen,266,"86,407"
301,Aarberg,149,"66,663"
302,Bargen (BE),29,"64,204"
303,Grossaffoltern,98,"69,001"
304,Kallnach,69,"67,812"
305,Kappelen,50,"73,784"
306,Lyss,498,"68,793"
307,Meikirch,97,"81,326"
309,Radelfingen,41,"66,280"
310,Rapperswil (BE),90,"74,452"
311,Schüpfen,129,"73,224"
312,Seedorf (BE),103,"70,202"
321,Aarwangen,132,"65,440"
322,Auswil,10,"54,808"
323,Bannwil,20,"62,213"
324,Bleienbach,19,"58,660"
325,Busswil bei Melchnau,X,X
326,Gondiswil,16,"55,333"
329,Langenthal,454,"66,444"
331,Lotzwil,70,"62,989"
332,Madiswil,89,"60,646"
333,Melchnau,38,"59,634"
334,Obersteckholz,12,"60,685"
335,Oeschenbach,X,X
336,Reisiswil,X,X
337,Roggwil (BE),107,"61,409"
338,Rohrbach,36,"53,817"
339,Rohrbachgraben,X,X
340,Rütschelen,13,"58,316"
341,Schwarzhäusern,16,"69,925"
342,Thunstetten,96,"64,722"
344,Ursenbach,21,"56,090"
345,Wynau,42,"61,865"
351,Bern,"4,902","72,779"
352,Bolligen,266,"91,708"
353,Bremgarten bei Bern,191,"93,616"
354,Kirchlindach,143,"89,584"
355,Köniz,"1,474","75,610"
356,Muri bei Bern,653,"107,465"
357,Oberbalm,24,"63,745"
358,Stettlen,119,"83,137"
359,Vechigen,196,"76,274"
360,Wohlen bei Bern,363,"83,508"
361,Zollikofen,345,"72,765"
362,Ittigen,392,"75,595"
363,Ostermundigen,503,"64,390"
371,Biel/Bienne,"1,434","61,519"
372,Evilard,115,"99,307"
381,Arch,52,"64,080"
382,Büetigen,27,"67,724"
383,Büren an der Aare,110,"70,407"
385,Diessbach bei Büren,29,"71,069"
386,Dotzigen,40,"64,297"
387,Lengnau (BE),142,"63,885"
388,Leuzigen,35,"63,368"
389,Meienried,X,X
390,Meinisberg,38,"67,831"
391,Oberwil bei Büren,25,"63,433"
392,Pieterlen,115,"62,657"
393,Rüti bei Büren,24,"59,655"
394,Wengi,20,"66,661"
401,Aefligen,33,"61,325"
402,Alchenstorf,18,"64,292"
403,Bäriswil,36,"74,901"
404,Burgdorf,488,"64,476"
405,Ersigen,62,"67,000"
406,Hasle bei Burgdorf,83,"59,422"
407,Heimiswil,40,"59,812"
408,Hellsau,X,X
409,Hindelbank,80,"67,942"
410,Höchstetten,8,"60,649"
411,Kernenried,17,"65,144"
412,Kirchberg (BE),197,"71,505"
413,Koppigen,65,"66,884"
414,Krauchthal,76,"67,597"
415,Lyssach,43,"64,179"
416,Mötschwil,X,X
418,Oberburg,72,"59,953"
420,Rüdtligen-Alchenflüh,66,"59,076"
421,Rumendingen,X,X
422,Rüti bei Lyssach,X,X
423,Willadingen,X,X
424,Wynigen,54,"61,065"
431,Corgémont,49,"66,842"
432,Cormoret,13,"66,888"
433,Cortébert,18,"62,500"
434,Courtelary,38,"69,659"
435,La Ferrière,15,"61,194"
437,Mont-Tramelan,X,X
438,Orvin,37,"64,479"
441,Renan (BE),23,"57,918"
442,Romont (BE),7,"63,133"
443,Saint-Imier,129,"60,019"
444,Sonceboz-Sombeval,51,"63,785"
445,Sonvilier,28,"57,155"
446,Tramelan,123,"62,271"
448,Villeret,26,"67,190"
449,Sauge,24,"64,450"
450,Péry-La Heutte,53,"61,895"
491,Brüttelen,17,"64,390"
492,Erlach,47,"74,739"
493,Finsterhennen,15,"61,827"
494,Gals,28,"76,111"
495,Gampelen,31,"70,797"
496,Ins,114,"75,743"
497,Lüscherz,21,"73,125"
498,Müntschemier,43,"68,102"
499,Siselen,18,"67,993"
500,Treiten,14,"70,084"
501,Tschugg,16,"76,774"
502,Vinelz,30,"71,752"
533,Bätterkinden,102,"68,932"
535,Deisswil bei Münchenbuchsee,X,X
536,Diemerswil,X,X
538,Fraubrunnen,170,"73,078"
540,Jegenstorf,204,"77,438"
541,Iffwil,15,"82,026"
543,Mattstetten,20,"77,762"
544,Moosseedorf,128,"70,973"
546,Münchenbuchsee,320,"70,013"
551,Urtenen-Schönbühl,186,"65,968"
552,Utzenstorf,134,"66,430"
553,Wiggiswil,X,X
554,Wiler bei Utzenstorf,28,"62,027"
556,Zielebach,10,"65,365"
557,Zuzwil (BE),20,"78,640"
561,Adelboden,76,"55,952"
562,Aeschi bei Spiez,62,"62,602"
563,Frutigen,167,"58,848"
564,Kandergrund,17,"50,491"
565,Kandersteg,35,"60,169"
566,Krattigen,33,"62,518"
567,Reichenbach im Kandertal,89,"57,070"
571,Beatenberg,29,"57,368"
572,Bönigen,68,"59,940"
573,Brienz (BE),82,"59,523"
574,Brienzwiler,13,"55,697"
575,Därligen,11,"61,251"
576,Grindelwald,106,"61,966"
577,Gsteigwiler,12,"61,877"
578,Gündlischwand,8,"52,793"
579,Habkern,12,"49,039"
580,Hofstetten bei Brienz,14,"54,139"
581,Interlaken,162,"60,606"
582,Iseltwald,11,"54,281"
584,Lauterbrunnen,57,"58,673"
585,Leissigen,36,"66,654"
586,Lütschental,5,"52,033"
587,Matten bei Interlaken,112,"58,610"
588,Niederried bei Interlaken,10,"53,173"
589,Oberried am Brienzersee,14,"58,199"
590,Ringgenberg (BE),74,"62,134"
591,Saxeten,X,X
592,Schwanden bei Brienz,18,"61,250"
593,Unterseen,184,"66,146"
594,Wilderswil,69,"60,043"
602,Arni (BE),24,"58,513"
603,Biglen,54,"63,057"
605,Bowil,32,"56,054"
606,Brenzikofen,15,"61,693"
607,Freimettigen,13,"66,255"
608,Grosshöchstetten,129,"69,024"
609,Häutligen,X,X
610,Herbligen,17,"65,148"
611,Kiesen,32,"71,181"
612,Konolfingen,174,"68,074"
613,Landiswil,X,X
614,Linden,30,"58,380"
615,Mirchel,16,"66,611"
616,Münsingen,449,"74,409"
617,Niederhünigen,19,"64,597"
619,Oberdiessbach,108,"65,406"
620,Oberthal,18,"57,143"
622,Oppligen,20,"67,952"
623,Rubigen,106,"73,033"
626,Walkringen,46,"59,199"
627,Worb,368,"70,870"
628,Zäziwil,44,"60,762"
629,Oberhünigen,X,X
630,Allmendingen,26,"89,814"
632,Wichtrach,139,"68,670"
661,Clavaleyres,X,X
662,Ferenbalm,37,"66,159"
663,Frauenkappelen,48,"75,747"
665,Gurbrü,7,"66,871"
666,Kriechenwil,13,"64,321"
667,Laupen,103,"68,581"
668,Mühleberg,104,"71,076"
669,Münchenwiler,16,"72,777"
670,Neuenegg,172,"68,490"
671,Wileroltigen,X,X
681,Belprahon,9,"65,396"
683,Champoz,X,X
687,Corcelles (BE),X,X
690,Court,36,"59,918"
691,Crémines,13,"58,479"
692,Eschert,10,"57,916"
694,Grandval,10,"57,586"
696,Loveresse,10,"63,421"
700,Moutier,181,"57,460"
701,Perrefitte,13,"62,455"
703,Reconvilier,54,"57,956"
704,Roches (BE),5,"54,568"
706,Saicourt,15,"59,137"
707,Saules (BE),X,X
708,Schelten,X,X
709,Seehof,X,X
711,Sorvilier,7,"55,090"
713,Tavannes,84,"60,021"
715,Rebévelier,X,X
716,Petit-Val,9,"58,808"
717,Valbirse,101,"58,861"
723,La Neuveville,143,"77,632"
724,Nods,24,"70,093"
726,Plateau de Diesse,61,"65,515"
731,Aegerten,61,"60,498"
732,Bellmund,76,"98,555"
733,Brügg,114,"64,277"
734,Bühl,19,"76,091"
735,Epsach,9,"65,392"
736,Hagneck,13,"68,988"
737,Hermrigen,10,"68,023"
738,Jens,22,"75,827"
739,Ipsach,138,"74,438"
740,Ligerz,24,"85,284"
741,Merzligen,15,"81,115"
742,Mörigen,47,"105,887"
743,Nidau,189,"61,654"
744,Orpund,84,"62,502"
745,Port,138,"76,762"
746,Safnern,61,"68,555"
747,Scheuren,15,"68,797"
748,Schwadernau,21,"71,167"
749,Studen (BE),90,"64,762"
750,Sutz-Lattrigen,50,"78,658"
751,Täuffelen,102,"71,278"
754,Walperswil,33,"68,294"
755,Worben,76,"68,327"
756,Twann-Tüscherz,46,"78,895"
761,Därstetten,20,"54,605"
762,Diemtigen,54,"54,925"
763,Erlenbach im Simmental,45,"55,612"
766,Oberwil im Simmental,16,"51,942"
767,Reutigen,28,"58,920"
768,Spiez,427,"68,508"
769,Wimmis,64,"58,090"
770,Stocken-Höfen,X,X
782,Guttannen,7,"57,747"
783,Hasliberg,24,"54,030"
784,Innertkirchen,28,"59,755"
785,Meiringen,133,"63,208"
786,Schattenhalb,15,"55,804"
791,Boltigen,26,"51,939"
792,Lenk,58,"58,134"
793,St. Stephan,28,"52,595"
794,Zweisimmen,82,"59,832"
841,Gsteig,28,"65,234"
842,Lauenen,24,"74,410"
843,Saanen,399,"121,293"
852,Guggisberg,29,"52,622"
853,Rüschegg,44,"59,854"
855,Schwarzenburg,195,"61,988"
861,Belp,390,"71,540"
863,Burgistein,33,"65,399"
866,Gerzensee,49,"86,589"
867,Gurzelen,23,"62,118"
868,Jaberg,X,X
869,Kaufdorf,32,"72,753"
870,Kehrsatz,138,"77,330"
872,Kirchdorf (BE),60,"68,100"
877,Niedermuhlern,X,X
879,Riggisberg,75,"64,440"
880,Rüeggisberg,44,"57,123"
881,Rümligen,X,X
883,Seftigen,63,"64,904"
884,Toffen,88,"71,566"
885,Uttigen,70,"71,607"
886,Wattenwil,79,"59,989"
888,Wald (BE),40,"73,922"
889,Thurnen,62,"67,712"
901,Eggiwil,47,"52,184"
902,Langnau im Emmental,246,"59,405"
903,Lauperswil,64,"55,265"
904,Röthenbach im Emmental,24,"51,896"
905,Rüderswil,59,"56,635"
906,Schangnau,17,"50,942"
907,Signau,63,"53,756"
908,Trub,21,"49,534"
909,Trubschachen,30,"52,580"
921,Amsoldingen,26,"69,488"
922,Blumenstein,33,"59,776"
923,Buchholterberg,39,"60,110"
924,Eriz,10,"50,097"
925,Fahrni,24,"66,340"
927,Heiligenschwendi,18,"59,695"
928,Heimberg,211,"65,324"
929,Hilterfingen,190,"92,700"
931,Homberg,X,X
932,Horrenbach-Buchen,X,X
934,Oberhofen am Thunersee,106,"83,495"
935,Oberlangenegg,X,X
936,Pohlern,6,"61,577"
938,Sigriswil,162,"64,981"
939,Steffisburg,508,"65,910"
940,Teuffenthal (BE),X,X
941,Thierachern,74,"67,372"
942,Thun,"1,393","65,671"
943,Uebeschi,18,"64,251"
944,Uetendorf,177,"67,228"
945,Unterlangenegg,25,"58,828"
946,Wachseldorn,X,X
947,Zwieselberg,X,X
948,Forst-Längenbühl,21,"60,786"
951,Affoltern im Emmental,27,"55,266"
952,Dürrenroth,22,"52,576"
953,Eriswil,28,"50,295"
954,Huttwil,121,"57,545"
955,Lützelflüh,108,"58,531"
956,Rüegsau,89,"60,010"
957,Sumiswald,119,"55,363"
958,Trachselwald,21,"53,603"
959,Walterswil (BE),13,"56,252"
960,Wyssachen,22,"51,294"
971,Attiswil,48,"65,335"
972,Berken,X,X
973,Bettenhausen,19,"58,323"
975,Farnern,7,"65,923"
976,Graben,9,"61,184"
977,Heimenhausen,33,"62,417"
979,Herzogenbuchsee,204,"65,053"
980,Inkwil,19,"62,056"
981,Niederbipp,140,"62,578"
982,Niederönz,50,"63,524"
983,Oberbipp,55,"68,027"
985,Ochlenberg,13,"54,451"
987,Rumisberg,15,"65,605"
988,Seeberg,43,"59,416"
989,Thörigen,32,"61,945"
990,Walliswil bei Niederbipp,X,X
991,Walliswil bei Wangen,20,"70,374"
992,Wangen an der Aare,77,"66,897"
993,Wangenried,12,"64,404"
995,Wiedlisbach,69,"62,055"
1001,Doppleschwand,19,"58,113"
1002,Entlebuch,82,"59,028"
1004,Flühli,39,"49,645"
1005,Hasle (LU),40,"53,363"
1007,Romoos,11,"47,850"
1008,Schüpfheim,101,"58,244"
1009,Werthenstein,48,"57,127"
1010,Escholzmatt-Marbach,94,"52,131"
1021,Aesch (LU),46,"75,079"
1022,Altwis,X,X
1023,Ballwil,88,"72,277"
1024,Emmen,783,"59,926"
1025,Ermensee,33,"72,800"
1026,Eschenbach (LU),127,"74,192"
1030,Hitzkirch,173,"73,329"
1031,Hochdorf,279,"67,218"
1032,Hohenrain,73,"70,796"
1033,Inwil,89,"75,132"
1037,Rain,104,"81,436"
1039,Römerswil,50,"65,835"
1040,Rothenburg,256,"74,664"
1041,Schongau,33,"70,513"
1051,Adligenswil,208,"87,986"
1052,Buchrain,211,"77,431"
1053,Dierikon,47,"70,406"
1054,Ebikon,433,"70,107"
1055,Gisikon,58,"89,586"
1056,Greppen,46,"89,252"
1057,Honau,15,"80,175"
1058,Horw,744,"110,920"
1059,Kriens,897,"67,569"
1061,Luzern,"3,013","74,025"
1062,Malters,222,"64,970"
1063,Meggen,554,"142,702"
1064,Meierskappel,58,"91,569"
1065,Root,160,"69,665"
1066,Schwarzenberg,51,"64,312"
1067,Udligenswil,99,"93,799"
1068,Vitznau,67,"100,369"
1069,Weggis,235,"105,073"
1081,Beromünster,189,"66,725"
1082,Büron,73,"66,278"
1083,Buttisholz,95,"68,109"
1084,Eich,86,"99,653"
1085,Geuensee,81,"72,390"
1086,Grosswangen,89,"65,266"
1088,Hildisrieden,105,"92,780"
1089,Knutwil,84,"80,661"
1091,Mauensee,70,"96,804"
1093,Neuenkirch,220,"69,318"
1094,Nottwil,135,"74,388"
1095,Oberkirch,187,"79,529"
1097,Rickenbach (LU),91,"63,468"
1098,Ruswil,194,"63,173"
1099,Schenkon,146,"98,537"
1100,Schlierbach,29,"72,152"
1102,Sempach,163,"87,381"
1103,Sursee,358,"69,869"
1104,Triengen,126,"65,409"
1107,Wolhusen,104,"62,463"
1121,Alberswil,19,"61,493"
1122,Altbüron,30,"69,163"
1123,Altishofen,57,"72,420"
1125,Dagmersellen,169,"65,749"
1127,Egolzwil,52,"72,474"
1128,Ettiswil,75,"63,584"
1129,Fischbach,16,"56,665"
1130,Gettnau,24,"58,623"
1131,Grossdietwil,24,"63,283"
1132,Hergiswil bei Willisau,41,"53,791"
1135,Luthern,24,"50,054"
1136,Menznau,71,"57,693"
1137,Nebikon,77,"69,796"
1139,Pfaffnau,80,"66,531"
1140,Reiden,192,"62,595"
1142,Roggliswil,19,"62,412"
1143,Schötz,116,"61,766"
1145,Ufhusen,24,"60,977"
1146,Wauwil,68,"69,497"
1147,Wikon,45,"68,795"
1150,Zell (LU),53,"60,740"
1151,Willisau,214,"64,699"
1201,Altdorf (UR),316,"69,594"
1202,Andermatt,64,"78,175"
1203,Attinghausen,50,"66,249"
1204,Bauen,6,"68,306"
1205,Bürglen (UR),110,"63,378"
1206,Erstfeld,96,"59,029"
1207,Flüelen,72,"75,660"
1208,Göschenen,10,"56,383"
1209,Gurtnellen,12,"50,184"
1210,Hospental,4,"51,127"
1211,Isenthal,8,"49,029"
1212,Realp,5,"66,937"
1213,Schattdorf,158,"66,010"
1214,Seedorf (UR),50,"70,789"
1215,Seelisberg,21,"57,675"
1216,Silenen,48,"56,426"
1217,Sisikon,11,"62,992"
1218,Spiringen,16,"50,075"
1219,Unterschächen,14,"51,463"
1220,Wassen,9,"54,339"
1301,Einsiedeln,567,"75,317"
1311,Gersau,85,"73,032"
1321,Feusisberg,780,"276,170"
1322,Freienbach,"1,571","182,275"
1323,Wollerau,"1,078","280,368"
1331,Küssnacht (SZ),734,"109,496"
1341,Altendorf,445,"125,346"
1342,Galgenen,217,"88,965"
1343,Innerthal,5,"56,216"
1344,Lachen,482,"105,487"
1345,Reichenburg,129,"75,628"
1346,Schübelbach,286,"68,781"
1347,Tuggen,128,"80,355"
1348,Vorderthal,30,"60,157"
1349,Wangen (SZ),208,"79,419"
1361,Alpthal,23,"70,944"
1362,Arth,385,"71,256"
1363,Illgau,17,"57,156"
1364,Ingenbohl,326,"74,909"
1365,Lauerz,34,"69,835"
1366,Morschach,33,"67,725"
1367,Muotathal,87,"58,179"
1368,Oberiberg,32,"72,277"
1369,Riemenstalden,X,X
1370,Rothenthurm,65,"65,072"
1371,Sattel,70,"79,458"
1372,Schwyz,549,"75,459"
1373,Steinen,113,"68,442"
1374,Steinerberg,30,"69,231"
1375,Unteriberg,71,"61,459"
1401,Alpnach,190,"68,405"
1402,Engelberg,284,"127,552"
1403,Giswil,100,"60,692"
1404,Kerns,186,"66,271"
1405,Lungern,67,"69,694"
1406,Sachseln,172,"72,520"
1407,Sarnen,487,"95,333"
1501,Beckenried,150,"80,671"
1502,Buochs,181,"71,845"
1503,Dallenwil,55,"63,450"
1504,Emmetten,59,"72,787"
1505,Ennetbürgen,222,"91,632"
1506,Ennetmoos,70,"71,150"
1507,Hergiswil (NW),575,"185,761"
1508,Oberdorf (NW),99,"67,216"
1509,Stans,309,"76,832"
1510,Stansstad,233,"94,890"
1511,Wolfenschiessen,54,"59,975"
1630,Glarus Nord,549,"65,910"
1631,Glarus Süd,266,"59,794"
1632,Glarus,376,"67,467"
1701,Baar,"1,351","114,618"
1702,Cham,846,"105,871"
1703,Hünenberg,506,"123,082"
1704,Menzingen,169,"82,954"
1705,Neuheim,117,"114,376"
1706,Oberägeri,458,"156,525"
1707,Risch,597,"108,907"
1708,Steinhausen,448,"94,335"
1709,Unterägeri,440,"105,987"
1710,Walchwil,327,"177,146"
1711,Zug,"2,630","171,580"
2008,Châtillon (FR),19,"79,670"
2009,Cheiry,10,"58,200"
2011,Cugy (FR),52,"67,089"
2016,Fétigny,29,"66,483"
2022,Gletterens,34,"72,131"
2025,Lully (FR),31,"70,143"
2027,Ménières,12,"72,101"
2029,Montagny (FR),75,"64,172"
2035,Nuvilly,12,"67,040"
2038,Prévondavaux,X,X
2041,Saint-Aubin (FR),57,"69,660"
2043,Sévaz,9,"66,734"
2044,Surpierre,21,"64,297"
2045,Vallon,13,"68,744"
2050,Les Montets,43,"68,276"
2051,Delley-Portalban,44,"73,318"
2053,Belmont-Broye,155,"67,471"
2054,Estavayer,300,"68,974"
2055,Cheyres-Châbles,83,"73,322"
2061,Auboranges,10,"80,896"
2063,Billens-Hennens,22,"63,855"
2066,Chapelle (Glâne),10,"75,915"
2067,Le Châtelard,9,"63,448"
2068,Châtonnaye,22,"63,648"
2072,Ecublens (FR),12,"71,056"
2079,Grangettes,5,"70,773"
2086,Massonnens,14,"74,258"
2087,Mézières (FR),31,"67,617"
2089,Montet (Glâne),13,"72,266"
2096,Romont (FR),138,"64,410"
2097,Rue,47,"69,680"
2099,Siviriez,66,"67,300"
2102,Ursy,98,"71,524"
2113,Vuisternens-devant-Romont,64,"66,292"
2114,Villorsonnens,42,"67,765"
2115,Torny,28,"67,665"
2117,Villaz,64,"66,010"
2121,Haut-Intyamon,38,"57,824"
2122,Pont-en-Ogoz,67,"75,608"
2123,Botterens,19,"70,773"
2124,Broc,72,"62,260"
2125,Bulle,660,"67,834"
2128,Châtel-sur-Montsalvens,10,"58,851"
2129,Corbières,28,"70,063"
2130,Crésuz,19,"87,879"
2131,Echarlens,28,"77,620"
2134,Grandvillard,26,"71,467"
2135,Gruyères,65,"69,558"
2137,Hauteville,20,"74,932"
2138,Jaun,13,"51,354"
2140,Marsens,65,"80,010"
2143,Morlon,24,"82,420"
2145,Le Pâquier (FR),43,"78,597"
2147,Pont-la-Ville,22,"77,102"
2148,Riaz,89,"71,601"
2149,La Roche,54,"72,490"
2152,Sâles,42,"70,743"
2153,Sorens,33,"72,801"
2155,Vaulruz,31,"68,844"
2160,Vuadens,71,"68,002"
2162,Bas-Intyamon,40,"60,395"
2163,Val-de-Charmey,81,"65,900"
2171,Arconciel,32,"73,189"
2173,Autigny,24,"67,526"
2174,Avry,69,"87,244"
2175,Belfaux,92,"73,091"
2177,Chénens,24,"72,326"
2183,Corminboeuf,112,"93,985"
2186,Cottens (FR),43,"77,400"
2189,Ependes (FR),31,"71,440"
2194,Ferpicloz,9,"80,110"
2196,Fribourg,"1,083","67,207"
2197,Givisiez,95,"73,587"
2198,Granges-Paccot,107,"69,741"
2200,Grolley,58,"69,961"
2206,Marly,240,"74,675"
2208,Matran,52,"85,730"
2211,Neyruz (FR),89,"82,659"
2216,Pierrafortscha,7,"103,618"
2217,Ponthaux,20,"71,853"
2220,Le Mouret,93,"69,310"
2225,Senèdes,4,"58,858"
2226,Treyvaux,40,"66,713"
2228,Villars-sur-Glâne,398,"80,185"
2230,Villarsel-sur-Marly,X,X
2233,Hauterive (FR),78,"74,781"
2234,La Brillaz,66,"78,408"
2235,La Sonnaz,38,"74,623"
2236,Gibloux,228,"71,425"
2237,Prez,70,"72,856"
2250,Courgevaux,46,"80,082"
2254,Courtepin,146,"71,123"
2257,Cressier (FR),33,"75,192"
2258,Fräschels,15,"74,735"
2259,Galmiz,23,"68,958"
2260,Gempenach,12,"71,349"
2261,Greng,15,"159,716"
2262,Gurmels,136,"71,079"
2265,Kerzers,155,"70,459"
2266,Kleinbösingen,27,"80,816"
2271,Meyriez,26,"95,230"
2272,Misery-Courtion,56,"65,551"
2274,Muntelier,50,"101,415"
2275,Murten,289,"75,738"
2276,Ried bei Kerzers,41,"77,802"
2278,Ulmiz,14,"69,024"
2284,Mont-Vully,177,"84,806"
2291,Alterswil,59,"63,886"
2292,Brünisried,20,"61,756"
2293,Düdingen,272,"69,952"
2294,Giffers,46,"64,267"
2295,Bösingen,110,"70,463"
2296,Heitenried,41,"64,613"
2299,Plaffeien,98,"57,601"
2300,Plasselb,30,"58,625"
2301,Rechthalten,37,"63,903"
2302,St. Antoni,62,"65,031"
2303,St. Silvester,25,"56,701"
2304,St. Ursen,38,"65,273"
2305,Schmitten (FR),125,"71,084"
2306,Tafers,111,"73,016"
2307,Tentlingen,39,"63,822"
2308,Ueberstorf,79,"69,128"
2309,Wünnewil-Flamatt,156,"65,281"
2321,Attalens,124,"79,652"
2323,Bossonnens,43,"68,948"
2325,Châtel-Saint-Denis,242,"70,728"
2328,Granges (Veveyse),28,"77,322"
2333,Remaufens,41,"78,052"
2335,Saint-Martin (FR),30,"67,617"
2336,Semsales,40,"65,243"
2337,Le Flon,33,"67,724"
2338,La Verrerie,34,"64,192"
2401,Egerkingen,119,"68,767"
2402,Härkingen,56,"71,826"
2403,Kestenholz,60,"67,838"
2404,Neuendorf,73,"68,827"
2405,Niederbuchsiten,40,"65,511"
2406,Oberbuchsiten,71,"69,188"
2407,Oensingen,183,"67,748"
2408,Wolfwil,75,"69,549"
2421,Aedermannsdorf,17,"68,215"
2422,Balsthal,170,"64,739"
2423,Gänsbrunnen,X,X
2424,Herbetswil,15,"59,224"
2425,Holderbank (SO),21,"63,931"
2426,Laupersdorf,49,"64,513"
2427,Matzendorf,40,"65,374"
2428,Mümliswil-Ramiswil,69,"59,583"
2429,Welschenrohr,29,"57,756"
2445,Biezwil,11,"68,131"
2455,Lüterkofen-Ichertswil,34,"79,281"
2456,Lüterswil-Gächliwil,13,"65,565"
2457,Messen,50,"74,431"
2461,Schnottwil,41,"74,996"
2463,Unterramsern,X,X
2464,Lüsslingen-Nennigkofen,39,"75,840"
2465,Buchegg,92,"73,189"
2471,Bättwil,44,"82,193"
2472,Büren (SO),37,"80,832"
2473,Dornach,307,"97,678"
2474,Gempen,36,"89,063"
2475,Hochwald,61,"99,299"
2476,Hofstetten-Flüh,144,"100,457"
2477,Metzerlen-Mariastein,37,"82,313"
2478,Nuglar-St. Pantaleon,60,"84,627"
2479,Rodersdorf,58,"91,309"
2480,Seewen,39,"76,293"
2481,Witterswil,66,"97,803"
2491,Hauenstein-Ifenthal,10,"71,860"
2492,Kienberg,14,"62,626"
2493,Lostorf,146,"79,974"
2495,Niedergösgen,114,"65,963"
2497,Obergösgen,68,"61,567"
2498,Rohr (SO),3,"69,934"
2499,Stüsslingen,40,"76,694"
2500,Trimbach,160,"61,420"
2501,Winznau,61,"66,438"
2502,Wisen (SO),15,"74,423"
2503,Erlinsbach (SO),115,"69,770"
2511,Aeschi (SO),48,"73,130"
2513,Biberist,272,"64,767"
2514,Bolken,17,"71,944"
2516,Deitingen,74,"69,307"
2517,Derendingen,186,"62,455"
2518,Etziken,31,"68,549"
2519,Gerlafingen,134,"59,978"
2520,Halten,29,"79,458"
2523,Horriwil,30,"77,195"
2524,Hüniken,X,X
2525,Kriegstetten,44,"69,284"
2526,Lohn-Ammannsegg,120,"84,251"
2527,Luterbach,113,"64,722"
2528,Obergerlafingen,40,"68,390"
2529,Oekingen,28,"74,030"
2530,Recherswil,64,"62,874"
2532,Subingen,101,"68,674"
2534,Zuchwil,238,"58,598"
2535,Drei Höfe,24,"68,932"
2541,Balm bei Günsberg,9,"90,465"
2542,Bellach,159,"65,254"
2543,Bettlach,187,"75,852"
2544,Feldbrunnen-St. Niklaus,73,"130,966"
2545,Flumenthal,35,"62,893"
2546,Grenchen,487,"60,940"
2547,Günsberg,43,"74,906"
2548,Hubersdorf,23,"74,621"
2549,Kammersrohr,X,X
2550,Langendorf,132,"71,049"
2551,Lommiswil,57,"77,867"
2553,Oberdorf (SO),74,"88,482"
2554,Riedholz,89,"80,214"
2555,Rüttenen,55,"72,770"
2556,Selzach,109,"66,772"
2571,Boningen,25,"65,108"
2572,Däniken,92,"66,478"
2573,Dulliken,128,"59,170"
2574,Eppenberg-Wöschnau,9,"62,193"
2575,Fulenbach,55,"69,145"
2576,Gretzenbach,84,"70,644"
2578,Gunzgen,54,"65,666"
2579,Hägendorf,171,"74,835"
2580,Kappel (SO),110,"75,380"
2581,Olten,638,"68,985"
2582,Rickenbach (SO),41,"74,269"
2583,Schönenwerd,133,"61,587"
2584,Starrkirch-Wil,69,"85,116"
2585,Walterswil (SO),23,"64,881"
2586,Wangen bei Olten,172,"71,347"
2601,Solothurn,665,"73,186"
2611,Bärschwil,23,"61,063"
2612,Beinwil (SO),6,"59,192"
2613,Breitenbach,124,"70,024"
2614,Büsserach,84,"78,743"
2615,Erschwil,28,"69,622"
2616,Fehren,18,"67,839"
2617,Grindel,14,"62,054"
2618,Himmelried,37,"81,354"
2619,Kleinlützel,34,"60,881"
2620,Meltingen,20,"69,773"
2621,Nunningen,64,"69,961"
2622,Zullwil,17,"60,652"
2701,Basel,"7,070","87,763"
2702,Bettingen,98,"192,912"
2703,Riehen,"1,099","111,033"
2761,Aesch (BL),391,"79,805"
2762,Allschwil,862,"84,086"
2763,Arlesheim,497,"112,699"
2764,Biel-Benken,185,"116,666"
2765,Binningen,882,"118,149"
2766,Birsfelden,329,"66,183"
2767,Bottmingen,410,"125,417"
2768,Ettingen,221,"85,680"
2769,Münchenstein,451,"81,061"
2770,Muttenz,707,"84,839"
2771,Oberwil (BL),543,"104,109"
2772,Pfeffingen,139,"127,796"
2773,Reinach (BL),807,"87,735"
2774,Schönenbuch,66,"98,474"
2775,Therwil,446,"94,685"
2781,Blauen,29,"86,602"
2782,Brislach,50,"70,593"
2783,Burg im Leimental,12,"87,159"
2784,Dittingen,23,"65,837"
2785,Duggingen,58,"81,584"
2786,Grellingen,57,"70,726"
2787,Laufen,186,"68,712"
2788,Liesberg,35,"66,008"
2789,Nenzlingen,16,"75,575"
2790,Roggenburg,8,"55,628"
2791,Röschenz,67,"79,347"
2792,Wahlen,46,"66,172"
2793,Zwingen,74,"67,851"
2821,Arisdorf,67,"82,929"
2822,Augst,41,"79,003"
2823,Bubendorf,153,"79,549"
2824,Frenkendorf,209,"75,763"
2825,Füllinsdorf,171,"83,380"
2826,Giebenach,40,"77,595"
2827,Hersberg,14,"89,369"
2828,Lausen,175,"70,189"
2829,Liestal,505,"76,291"
2830,Lupsingen,58,"87,996"
2831,Pratteln,490,"67,632"
2832,Ramlinsburg,33,"99,260"
2833,Seltisberg,61,"98,641"
2834,Ziefen,53,"80,622"
2841,Anwil,17,"68,416"
2842,Böckten,31,"86,010"
2843,Buckten,22,"71,555"
2844,Buus,35,"73,338"
2845,Diepflingen,26,"82,859"
2846,Gelterkinden,204,"73,750"
2847,Häfelfingen,9,"72,468"
2848,Hemmiken,9,"67,652"
2849,Itingen,72,"76,955"
2850,Känerkinden,21,"82,270"
2851,Kilchberg (BL),5,"76,995"
2852,Läufelfingen,40,"70,108"
2853,Maisprach,39,"85,800"
2854,Nusshof,12,"98,340"
2855,Oltingen,14,"66,762"
2856,Ormalingen,80,"74,137"
2857,Rickenbach (BL),20,"75,764"
2858,Rothenfluh,25,"73,318"
2859,Rümlingen,11,"65,613"
2860,Rünenberg,26,"74,276"
2861,Sissach,267,"81,745"
2862,Tecknau,22,"68,944"
2863,Tenniken,32,"73,317"
2864,Thürnen,46,"69,618"
2865,Wenslingen,23,"75,094"
2866,Wintersingen,22,"72,276"
2867,Wittinsburg,X,X
2868,Zeglingen,14,"65,938"
2869,Zunzgen,84,"67,922"
2881,Arboldswil,23,"86,346"
2882,Bennwil,21,"76,485"
2883,Bretzwil,21,"66,726"
2884,Diegten,53,"71,553"
2885,Eptingen,15,"61,500"
2886,Hölstein,80,"75,183"
2887,Lampenberg,21,"87,979"
2888,Langenbruck,26,"61,035"
2889,Lauwil,9,"68,348"
2890,Liedertswil,X,X
2891,Niederdorf,56,"69,235"
2892,Oberdorf (BL),67,"69,503"
2893,Reigoldswil,46,"68,601"
2894,Titterten,14,"71,120"
2895,Waldenburg,33,"64,710"
2901,Gächlingen,26,"67,265"
2903,Löhningen,49,"77,633"
2904,Neunkirch,75,"67,388"
2914,Büttenhardt,14,"76,322"
2915,Dörflingen,37,"80,246"
2917,Lohn (SH),24,"73,640"
2919,Stetten (SH),63,"108,911"
2920,Thayngen,176,"67,308"
2931,Bargen (SH),10,"59,302"
2932,Beringen,155,"68,949"
2933,Buchberg,50,"119,208"
2936,Merishausen,25,"68,005"
2937,Neuhausen am Rheinfall,280,"61,079"
2938,Rüdlingen,37,"94,203"
2939,Schaffhausen,"1,235","69,778"
2951,Beggingen,13,"61,650"
2952,Schleitheim,48,"64,093"
2953,Siblingen,29,"71,480"
2961,Buch (SH),11,"68,581"
2962,Hemishofen,16,"74,195"
2963,Ramsen,42,"65,106"
2964,Stein am Rhein,121,"71,491"
2971,Hallau,60,"65,221"
2972,Oberhallau,12,"67,366"
2973,Trasadingen,17,"62,679"
2974,Wilchingen,51,"65,461"
3001,Herisau,477,"65,431"
3002,Hundwil,19,"55,927"
3003,Schönengrund,14,"58,011"
3004,Schwellbrunn,38,"61,151"
3005,Stein (AR),45,"73,454"
3006,Urnäsch,56,"58,234"
3007,Waldstatt,50,"64,232"
3021,Bühler,47,"60,949"
3022,Gais,104,"73,984"
3023,Speicher,163,"80,194"
3024,Teufen (AR),315,"96,248"
3025,Trogen,59,"73,840"
3031,Grub (AR),29,"63,446"
3032,Heiden,132,"68,677"
3033,Lutzenberg,41,"69,945"
3034,Rehetobel,55,"70,983"
3035,Reute (AR),22,"65,727"
3036,Wald (AR),25,"62,885"
3037,Walzenhausen,67,"66,040"
3038,Wolfhalden,59,"68,788"
3101,Appenzell,228,"80,052"
3102,Gonten,44,"69,280"
3103,Rüte,152,"89,185"
3104,Schlatt-Haslen,32,"65,848"
3105,Schwende,71,"72,358"
3111,Oberegg,57,"62,852"
3201,Häggenschwil,40,"72,167"
3202,Muolen,34,"66,984"
3203,St. Gallen,"2,358","67,041"
3204,Wittenbach,272,"65,444"
3211,Berg (SG),28,"77,323"
3212,Eggersriet,72,"71,847"
3213,Goldach,305,"68,112"
3214,Mörschwil,176,"107,145"
3215,Rorschach,231,"56,216"
3216,Rorschacherberg,252,"71,113"
3217,Steinach,114,"68,023"
3218,Tübach,58,"83,471"
3219,Untereggen,35,"78,523"
3231,Au (SG),252,"67,927"
3232,Balgach,176,"74,150"
3233,Berneck,133,"74,651"
3234,Diepoldsau,195,"68,872"
3235,Rheineck,91,"59,769"
3236,St. Margrethen,143,"56,460"
3237,Thal,216,"68,836"
3238,Widnau,312,"69,154"
3251,Altstätten,332,"63,934"
3252,Eichberg,44,"68,266"
3253,Marbach (SG),63,"66,776"
3254,Oberriet (SG),254,"62,892"
3255,Rebstein,134,"62,678"
3256,Rüthi (SG),65,"62,312"
3271,Buchs (SG),391,"65,826"
3272,Gams,102,"67,112"
3273,Grabs,210,"67,430"
3274,Sennwald,172,"62,410"
3275,Sevelen,138,"61,090"
3276,Wartau,133,"62,294"
3291,Bad Ragaz,212,"67,273"
3292,Flums,121,"54,577"
3293,Mels,244,"63,117"
3294,Pfäfers,39,"58,280"
3295,Quarten,87,"58,884"
3296,Sargans,182,"63,828"
3297,Vilters-Wangs,137,"64,860"
3298,Walenstadt,176,"66,400"
3311,Amden,67,"69,621"
3312,Benken (SG),82,"68,066"
3313,Kaltbrunn,142,"66,075"
3315,Schänis,103,"62,490"
3316,Weesen,62,"71,880"
3338,Schmerikon,130,"72,743"
3339,Uznach,180,"68,243"
3340,Rapperswil-Jona,"1,140","85,641"
3341,Gommiswald,180,"72,391"
3342,Eschenbach (SG),308,"73,001"
3352,Ebnat-Kappel,126,"59,359"
3359,Wildhaus-Alt St. Johann,64,"54,225"
3360,Nesslau,95,"59,590"
3372,Hemberg,20,"58,598"
3374,Lichtensteig,51,"58,565"
3375,Oberhelfenschwil,30,"60,683"
3378,Neckertal,93,"55,552"
3379,Wattwil,225,"59,208"
3392,Kirchberg (SG),236,"66,231"
3393,Lütisburg,42,"62,881"
3394,Mosnang,70,"61,783"
3395,Bütschwil-Ganterschwil,131,"61,874"
3401,Degersheim,96,"60,708"
3402,Flawil,282,"63,990"
3405,Jonschwil,112,"70,744"
3407,Oberuzwil,189,"69,380"
3408,Uzwil,359,"65,228"
3422,Niederbüren,43,"67,615"
3423,Niederhelfenschwil,96,"74,148"
3424,Oberbüren,147,"71,265"
3426,Zuzwil (SG),188,"84,553"
3427,Wil (SG),772,"70,927"
3441,Andwil (SG),64,"77,982"
3442,Gaiserwald,306,"79,802"
3443,Gossau (SG),568,"67,279"
3444,Waldkirch,101,"70,807"
3506,Vaz/Obervaz,114,"61,602"
3513,Lantsch/Lenz,17,"54,621"
3514,Schmitten (GR),7,"52,145"
3542,Albula/Alvra,35,"51,710"
3543,Surses,69,"52,063"
3544,Bergün Filisur,23,"53,710"
3551,Brusio,27,"53,664"
3561,Poschiavo,82,"55,718"
3572,Falera,22,"54,385"
3575,Laax,84,"57,114"
3581,Sagogn,21,"56,125"
3582,Schluein,17,"58,410"
3603,Vals,25,"52,621"
3618,Lumnezia,54,"53,099"
3619,Ilanz/Glion,124,"60,764"
3633,Fürstenau,11,"71,319"
3637,Rothenbrunnen,8,"58,646"
3638,Scharans,24,"69,126"
3640,Sils im Domleschg,26,"65,434"
3661,Cazis,53,"57,957"
3662,Flerden,X,X
3663,Masein,14,"63,887"
3668,Thusis,76,"58,749"
3669,Tschappina,3,"47,356"
3670,Urmein,5,"60,132"
3672,Safiental,19,"51,396"
3673,Domleschg,61,"64,794"
3681,Avers,X,X
3695,Sufers,X,X
3701,Andeer,23,"58,327"
3703,Casti-Wergenstein,X,X
3705,Donat,X,X
3707,Lohn (GR),X,X
3708,Mathon,1,"46,000"
3711,Rongellen,X,X
3712,Zillis-Reischen,11,"67,566"
3713,Ferrera,3,"56,626"
3714,Rheinwald,16,"54,165"
3721,Bonaduz,110,"71,261"
3722,Domat/Ems,224,"66,806"
3723,Rhäzüns,42,"67,151"
3731,Felsberg,82,"74,988"
3732,Flims,110,"60,348"
3733,Tamins,36,"67,549"
3734,Trin,48,"63,142"
3746,Zernez,42,"64,008"
3752,Samnaun,20,"61,874"
3762,Scuol,143,"64,523"
3764,Valsot,22,"59,027"
3781,Bever,26,"77,672"
3782,Celerina/Schlarigna,102,"84,082"
3783,Madulain,8,"45,368"
3784,Pontresina,94,"76,463"
3785,La Punt-Chamues-ch,36,"61,958"
3786,Samedan,113,"68,942"
3787,St. Moritz,350,"109,175"
3788,S-chanf,32,"92,233"
3789,Sils im Engadin/Segl,31,"72,392"
3790,Silvaplana,82,"72,126"
3791,Zuoz,48,"65,170"
3792,Bregaglia,47,"53,327"
3804,Buseno,2,"50,179"
3805,Castaneda,8,"61,812"
3808,Rossa,5,"62,077"
3810,Santa Maria in Calanca,6,"86,900"
3821,Lostallo,22,"57,909"
3822,Mesocco,37,"47,595"
3823,Soazza,10,"65,204"
3831,Cama,17,"62,854"
3832,Grono,36,"59,817"
3834,Roveredo (GR),67,"60,927"
3835,San Vittore,26,"60,180"
3837,Calanca,5,"46,739"
3847,Val Müstair,41,"56,586"
3851,Davos,387,"67,913"
3861,Fideris,17,"60,504"
3862,Furna,5,"55,146"
3863,Jenaz,31,"57,740"
3871,Klosters-Serneus,188,"69,491"
3881,Conters im Prättigau,X,X
3882,Küblis,23,"58,121"
3891,Luzein,48,"66,440"
3901,Chur,"1,264","71,351"
3911,Churwalden,56,"56,666"
3921,Arosa,104,"58,288"
3932,Tschiertschen-Praden,7,"48,903"
3941,Haldenstein,37,"73,526"
3945,Trimmis,108,"72,841"
3946,Untervaz,80,"69,507"
3947,Zizers,115,"71,518"
3951,Fläsch,37,"83,373"
3952,Jenins,36,"80,684"
3953,Maienfeld,132,"84,971"
3954,Malans,99,"84,246"
3955,Landquart,245,"65,011"
3961,Grüsch,62,"62,633"
3962,Schiers,67,"60,332"
3972,Seewis im Prättigau,38,"64,805"
3981,Breil/Brigels,46,"51,490"
3982,Disentis/Mustér,51,"55,254"
3983,Medel (Lucmagn),9,"49,859"
3985,Sumvitg,27,"52,881"
3986,Tujetsch,34,"52,814"
3987,Trun,30,"53,404"
3988,Obersaxen Mundaun,32,"48,399"
4001,Aarau,865,"76,657"
4002,Biberstein,76,"93,398"
4003,Buchs (AG),253,"70,702"
4004,Densbüren,24,"68,055"
4005,Erlinsbach (AG),177,"85,909"
4006,Gränichen,256,"67,767"
4007,Hirschthal,63,"81,142"
4008,Küttigen,248,"82,091"
4009,Muhen,132,"71,761"
4010,Oberentfelden,244,"65,859"
4012,Suhr,308,"69,165"
4013,Unterentfelden,143,"72,418"
4021,Baden,834,"83,379"
4022,Bellikon,74,"94,402"
4023,Bergdietikon,146,"101,865"
4024,Birmenstorf (AG),119,"84,966"
4026,Ennetbaden,181,"103,588"
4027,Fislisbach,179,"70,861"
4028,Freienwil,40,"79,048"
4029,Gebenstorf,188,"74,122"
4030,Killwangen,71,"78,616"
4031,Künten,67,"77,661"
4032,Mägenwil,67,"74,157"
4033,Mellingen,188,"73,311"
4034,Neuenhof,227,"62,169"
4035,Niederrohrdorf,172,"83,439"
4037,Oberrohrdorf,180,"91,836"
4038,Obersiggenthal,318,"81,903"
4039,Remetschwil,96,"103,137"
4040,Spreitenbach,281,"61,718"
4041,Stetten (AG),72,"72,848"
4042,Turgi,92,"68,415"
4044,Untersiggenthal,242,"75,526"
4045,Wettingen,787,"78,154"
4046,Wohlenschwil,55,"76,061"
4047,Würenlingen,159,"73,171"
4048,Würenlos,260,"87,820"
4049,Ehrendingen,176,"79,199"
4061,Arni (AG),86,"97,334"
4062,Berikon,182,"80,213"
4063,Bremgarten (AG),305,"75,292"
4064,Büttikon,39,"77,734"
4065,Dottikon,115,"66,984"
4066,Eggenwil,38,"79,526"
4067,Fischbach-Göslikon,54,"72,412"
4068,Hägglingen,92,"78,990"
4071,Jonen,93,"92,472"
4072,Niederwil (AG),98,"74,529"
4073,Oberlunkhofen,104,"97,600"
4074,Oberwil-Lieli,157,"129,344"
4075,Rudolfstetten-Friedlisberg,159,"78,917"
4076,Sarmenstorf,97,"71,679"
4077,Tägerig,45,"72,694"
4078,Uezwil,16,"68,619"
4079,Unterlunkhofen,63,"82,951"
4080,Villmergen,225,"68,347"
4081,Widen,189,"102,129"
4082,Wohlen (AG),475,"68,327"
4083,Zufikon,176,"81,979"
4084,Islisberg,27,"90,605"
4091,Auenstein,67,"80,959"
4092,Birr,122,"69,165"
4093,Birrhard,28,"71,881"
4094,Bözen,27,"66,819"
4095,Brugg,442,"73,272"
4096,Effingen,21,"77,319"
4097,Elfingen,10,"75,035"
4099,Habsburg,20,"96,822"
4100,Hausen (AG),130,"74,631"
4104,Lupfig,110,"72,023"
4105,Mandach,11,"74,348"
4106,Mönthal,12,"68,611"
4107,Mülligen,36,"69,904"
4110,Remigen,46,"74,907"
4111,Riniken,48,"71,201"
4112,Rüfenach,30,"78,508"
4117,Thalheim (AG),27,"68,747"
4120,Veltheim (AG),49,"70,502"
4121,Villigen,72,"71,348"
4122,Villnachern,52,"72,906"
4123,Windisch,243,"72,253"
4124,Bözberg,59,"75,120"
4125,Schinznach,77,"71,885"
4131,Beinwil am See,125,"77,342"
4132,Birrwil,49,"75,272"
4133,Burg (AG),26,"59,839"
4134,Dürrenäsch,40,"70,828"
4135,Gontenschwil,63,"63,978"
4136,Holziken,50,"65,241"
4137,Leimbach (AG),15,"69,809"
4138,Leutwil,25,"70,397"
4139,Menziken,161,"60,216"
4140,Oberkulm,72,"63,347"
4141,Reinach (AG),211,"58,362"
4142,Schlossrued,25,"63,860"
4143,Schmiedrued,32,"58,712"
4144,Schöftland,149,"65,624"
4145,Teufenthal (AG),49,"63,304"
4146,Unterkulm,88,"62,448"
4147,Zetzwil,39,"64,458"
4161,Eiken,75,"71,092"
4163,Frick,201,"75,669"
4164,Gansingen,35,"74,101"
4165,Gipf-Oberfrick,145,"81,252"
4166,Herznach,56,"76,188"
4167,Hornussen,28,"64,625"
4169,Kaisten,97,"74,986"
4170,Laufenburg,115,"72,018"
4172,Münchwilen (AG),34,"74,785"
4173,Oberhof,18,"72,672"
4175,Oeschgen,36,"75,942"
4176,Schwaderloch,21,"67,931"
4177,Sisseln,60,"75,375"
4179,Ueken,30,"71,522"
4181,Wittnau,45,"70,645"
4182,Wölflinswil,33,"67,659"
4183,Zeihen,38,"71,226"
4184,Mettauertal,70,"70,617"
4191,Ammerswil,24,"77,238"
4192,Boniswil,53,"71,960"
4193,Brunegg,30,"73,432"
4194,Dintikon,73,"70,587"
4195,Egliswil,52,"71,539"
4196,Fahrwangen,67,"63,696"
4197,Hallwil,29,"61,656"
4198,Hendschiken,37,"65,113"
4199,Holderbank (AG),42,"64,411"
4200,Hunzenschwil,122,"65,220"
4201,Lenzburg,408,"75,357"
4202,Meisterschwanden,155,"98,678"
4203,Möriken-Wildegg,163,"79,194"
4204,Niederlenz,136,"69,958"
4205,Othmarsingen,94,"69,120"
4206,Rupperswil,191,"72,868"
4207,Schafisheim,97,"71,600"
4208,Seengen,175,"85,041"
4209,Seon,162,"69,172"
4210,Staufen,166,"80,044"
4221,Abtwil,29,"71,388"
4222,Aristau,56,"80,235"
4223,Auw,64,"74,950"
4224,Beinwil (Freiamt),39,"73,119"
4226,Besenbüren,20,"74,631"
4227,Bettwil,22,"75,104"
4228,Boswil,90,"66,961"
4229,Bünzen,34,"68,472"
4230,Buttwil,41,"73,231"
4231,Dietwil,45,"72,520"
4232,Geltwil,X,X
4233,Kallern,14,"82,362"
4234,Merenschwand,117,"76,283"
4235,Mühlau,37,"68,250"
4236,Muri (AG),277,"72,175"
4237,Oberrüti,50,"77,170"
4238,Rottenschwil,35,"77,063"
4239,Sins,139,"75,595"
4240,Waltenschwil,102,"71,701"
4251,Hellikon,25,"67,039"
4252,Kaiseraugst,203,"76,892"
4253,Magden,179,"100,553"
4254,Möhlin,370,"73,563"
4255,Mumpf,52,"70,882"
4256,Obermumpf,34,"67,498"
4257,Olsberg,20,"109,807"
4258,Rheinfelden,529,"81,110"
4259,Schupfart,29,"70,664"
4260,Stein (AG),113,"75,717"
4261,Wallbach,90,"91,294"
4262,Wegenstetten,34,"69,199"
4263,Zeiningen,92,"81,016"
4264,Zuzgen,31,"79,718"
4271,Aarburg,232,"61,991"
4273,Bottenwil,26,"69,770"
4274,Brittnau,129,"69,485"
4275,Kirchleerau,26,"61,678"
4276,Kölliken,135,"67,347"
4277,Moosleerau,29,"66,564"
4279,Murgenthal,86,"65,170"
4280,Oftringen,397,"64,622"
4281,Reitnau,42,"67,395"
4282,Rothrist,281,"68,584"
4283,Safenwil,119,"63,718"
4284,Staffelbach,38,"61,147"
4285,Strengelbach,137,"63,973"
4286,Uerkheim,43,"65,853"
4287,Vordemwald,61,"66,736"
4288,Wiliberg,X,X
4289,Zofingen,455,"73,809"
4301,Baldingen,10,"82,409"
4302,Böbikon,5,"65,565"
4303,Böttstein,112,"66,279"
4304,Döttingen,127,"68,550"
4305,Endingen,84,"75,136"
4306,Fisibach,14,"73,155"
4307,Full-Reuenthal,29,"74,421"
4308,Kaiserstuhl,13,"67,424"
4309,Klingnau,113,"72,961"
4310,Koblenz,45,"65,851"
4311,Leibstadt,41,"69,138"
4312,Lengnau (AG),98,"81,037"
4313,Leuggern,69,"68,363"
4314,Mellikon,7,"73,636"
4315,Rekingen (AG),26,"63,798"
4316,Rietheim,20,"61,946"
4317,Rümikon,9,"64,541"
4318,Schneisingen,55,"74,242"
4319,Siglistorf,21,"71,795"
4320,Tegerfelden,40,"72,487"
4322,Wislikofen,10,"66,003"
4323,Bad Zurzach,140,"69,087"
4401,Arbon,411,"61,410"
4406,Dozwil,21,"77,556"
4411,Egnach,153,"73,491"
4416,Hefenhofen,37,"65,699"
4421,Horn,131,"82,537"
4426,Kesswil,35,"82,539"
4431,Roggwil (TG),118,"79,849"
4436,Romanshorn,321,"63,757"
4441,Salmsach,38,"65,527"
4446,Sommeri,18,"64,894"
4451,Uttwil,76,"83,366"
4461,Amriswil,380,"61,686"
4471,Bischofszell,164,"62,643"
4476,Erlen,100,"65,307"
4486,Hauptwil-Gottshaus,62,"68,751"
4495,Hohentannen,21,"74,608"
4501,Kradolf-Schönenberg,104,"63,281"
4506,Sulgen,111,"64,334"
4511,Zihlschlacht-Sitterdorf,72,"66,892"
4536,Basadingen-Schlattingen,60,"73,533"
4545,Diessenhofen,128,"73,605"
4546,Schlatt (TG),58,"70,985"
4551,Aadorf,312,"72,964"
4561,Felben-Wellhausen,88,"69,797"
4566,Frauenfeld,914,"73,459"
4571,Gachnang,157,"78,097"
4590,Hüttlingen,25,"70,575"
4591,Matzingen,88,"68,341"
4601,Neunforn,39,"72,279"
4606,Stettfurt,49,"96,032"
4611,Thundorf,46,"71,160"
4616,Uesslingen-Buch,39,"74,736"
4621,Warth-Weiningen,74,"114,777"
4641,Altnau,80,"75,752"
4643,Bottighofen,126,"106,641"
4646,Ermatingen,171,"97,479"
4651,Gottlieben,15,"88,446"
4656,Güttingen,56,"71,609"
4666,Kemmental,82,"71,325"
4671,Kreuzlingen,719,"71,920"
4681,Langrickenbach,40,"67,696"
4683,Lengwil,53,"71,917"
4691,Münsterlingen,131,"83,497"
4696,Tägerwilen,167,"77,994"
4701,Wäldi,32,"67,808"
4711,Affeltrangen,76,"68,989"
4716,Bettwiesen,40,"72,223"
4721,Bichelsee-Balterswil,94,"69,374"
4723,Braunau,27,"73,343"
4724,Eschlikon,160,"72,616"
4726,Fischingen,89,"70,640"
4741,Lommis,42,"79,354"
4746,Münchwilen (TG),178,"68,677"
4751,Rickenbach (TG),78,"63,566"
4756,Schönholzerswilen,24,"67,849"
4761,Sirnach,252,"67,955"
4776,Tobel-Tägerschen,48,"65,638"
4781,Wängi,159,"74,553"
4786,Wilen (TG),84,"78,230"
4791,Wuppenau,37,"76,511"
4801,Berlingen,34,"75,269"
4806,Eschenz,58,"71,221"
4811,Herdern,41,"81,010"
4816,Homburg,48,"75,032"
4821,Hüttwilen,65,"86,635"
4826,Mammern,26,"84,726"
4831,Müllheim,94,"71,592"
4841,Pfyn,61,"68,919"
4846,Raperswilen,14,"68,677"
4851,Salenstein,69,"90,520"
4864,Steckborn,135,"74,593"
4871,Wagenhausen,55,"68,665"
4881,Amlikon-Bissegg,45,"72,035"
4891,Berg (TG),111,"74,406"
4901,Birwinken,39,"67,189"
4911,Bürglen (TG),101,"61,076"
4921,Bussnang,69,"68,047"
4941,Märstetten,101,"73,487"
4946,Weinfelden,379,"69,545"
4951,Wigoltingen,75,"69,961"
5001,Arbedo-Castione,144,"65,397"
5002,Bellinzona,"1,250","67,143"
5003,Cadenazzo,65,"58,077"
5009,Isone,10,"55,612"
5010,Lumino,49,"70,174"
5017,Sant'Antonino,69,"63,092"
5048,Acquarossa,47,"51,854"
5049,Blenio,47,"53,681"
5050,Serravalle,57,"59,559"
5061,Airolo,42,"60,322"
5063,Bedretto,7,"102,163"
5064,Bodio,17,"50,286"
5071,Dalpe,7,"58,136"
5072,Faido,75,"54,783"
5073,Giornico,20,"54,392"
5076,Personico,9,"57,074"
5077,Pollegio,20,"57,678"
5078,Prato (Leventina),10,"57,096"
5079,Quinto,27,"58,772"
5091,Ascona,241,"74,701"
5096,Brione sopra Minusio,18,"63,043"
5097,Brissago,61,"50,160"
5108,Gordola,134,"64,375"
5112,Lavertezzo,29,"56,001"
5113,Locarno,401,"58,360"
5115,Losone,189,"64,936"
5117,Mergoscia,5,"41,305"
5118,Minusio,262,"71,138"
5120,Muralto,95,"69,453"
5121,Orselina,34,"76,352"
5125,Ronco sopra Ascona,37,"73,898"
5131,Tenero-Contra,82,"59,073"
5136,Onsernone,17,"44,934"
5138,Cugnasco-Gerra,86,"67,285"
5141,Agno,127,"66,676"
5143,Aranno,12,"78,691"
5144,Arogno,27,"60,088"
5146,Astano,9,"60,802"
5148,Bedano,49,"74,850"
5149,Bedigliora,17,"62,373"
5151,Bioggio,101,"78,890"
5154,Bissone,43,"78,488"
5160,Brusino Arsizio,17,"62,544"
5161,Cademario,23,"67,423"
5162,Cadempino,47,"71,679"
5167,Canobbio,87,"84,876"
5171,Caslano,114,"61,865"
5176,Comano,114,"119,752"
5178,Croglio,23,"61,715"
5180,Cureglia,70,"99,652"
5181,Curio,15,"62,031"
5186,Grancia,14,"66,298"
5187,Gravesano,51,"82,332"
5189,Lamone,43,"58,427"
5192,Lugano,"2,418","87,047"
5193,Magliaso,58,"76,987"
5194,Manno,47,"81,850"
5195,Maroggia,29,"76,700"
5196,Massagno,219,"81,249"
5197,Melano,45,"70,468"
5198,Melide,65,"70,233"
5199,Mezzovico-Vira,47,"78,349"
5200,Miglieglia,7,"55,616"
5202,Monteggio,23,"56,547"
5203,Morcote,49,"97,028"
5205,Muzzano,36,"92,950"
5206,Neggio,12,"77,190"
5207,Novaggio,23,"61,420"
5208,Origlio,65,"100,739"
5210,Paradiso,188,"94,635"
5212,Ponte Capriasca,67,"83,528"
5213,Ponte Tresa,22,"56,218"
5214,Porza,95,"128,697"
5216,Pura,44,"73,805"
5219,Rovio,28,"70,846"
5221,Savosa,91,"97,387"
5222,Sessa,19,"60,480"
5225,Sorengo,89,"113,839"
5226,Capriasca,206,"70,197"
5227,Torricella-Taverne,82,"66,127"
5230,Vernate,24,"80,125"
5231,Vezia,62,"77,864"
5233,Vico Morcote,29,"104,508"
5236,Collina d'Oro,283,"126,824"
5237,Alto Malcantone,41,"62,715"
5238,Monteceneri,121,"60,588"
5242,Balerna,88,"60,629"
5249,Castel San Pietro,90,"87,798"
5250,Chiasso,186,"57,608"
5251,Coldrerio,94,"68,605"
5254,Mendrisio,490,"72,956"
5257,Morbio Inferiore,132,"70,010"
5260,Novazzano,79,"74,688"
5263,Riva San Vitale,84,"68,606"
5266,Stabio,121,"67,228"
5268,Vacallo,118,"81,326"
5269,Breggia,62,"66,856"
5281,Biasca,142,"58,981"
5287,Riviera,100,"59,432"
5304,Bosco/Gurin,2,"48,367"
5307,Campo (Vallemaggia),1,"39,071"
5309,Cerentino,X,X
5310,Cevio,28,"51,290"
5315,Linescio,X,X
5317,Maggia,66,"55,273"
5323,Lavizzara,15,"53,527"
5324,Avegno Gordevio,38,"59,820"
5396,Terre di Pedemonte,80,"69,629"
5397,Centovalli,31,"52,645"
5398,Gambarogno,146,"54,916"
5399,Verzasca,15,"42,820"
5401,Aigle,237,"60,548"
5402,Bex,182,"61,045"
5403,Chessel,12,"62,647"
5404,Corbeyrier,13,"65,327"
5405,Gryon,49,"50,613"
5406,Lavey-Morcles,23,"58,587"
5407,Leysin,72,"54,522"
5408,Noville,34,"76,443"
5409,Ollon,280,"68,535"
5410,Ormont-Dessous,32,"54,077"
5411,Ormont-Dessus,49,"47,631"
5412,Rennaz,21,"62,683"
5413,Roche (VD),40,"61,528"
5414,Villeneuve (VD),143,"64,572"
5415,Yvorne,34,"71,052"
5421,Apples,55,"93,196"
5422,Aubonne,146,"103,519"
5423,Ballens,17,"71,395"
5424,Berolle,10,"81,604"
5425,Bière,40,"63,643"
5426,Bougy-Villars,33,"160,181"
5427,Féchy,59,"156,042"
5428,Gimel,67,"73,247"
5429,Longirod,19,"81,966"
5430,Marchissy,17,"82,908"
5431,Mollens (VD),11,"72,640"
5432,Montherod,17,"82,543"
5434,Saint-George,41,"90,683"
5435,Saint-Livres,26,"84,855"
5436,Saint-Oyens,18,"92,980"
5437,Saubraz,13,"85,477"
5451,Avenches,105,"61,229"
5456,Cudrefin,65,"79,056"
5458,Faoug,32,"74,946"
5464,Vully-les-Lacs,117,"74,996"
5471,Bettens,23,"76,125"
5472,Bournens,20,"92,416"
5473,Boussens,38,"86,697"
5474,La Chaux (Cossonay),14,"77,666"
5475,Chavannes-le-Veyron,4,"74,037"
5476,Chevilly,12,"87,644"
5477,Cossonay,137,"73,867"
5478,Cottens (VD),18,"87,920"
5479,Cuarnens,20,"81,966"
5480,Daillens,42,"87,956"
5481,Dizy,8,"75,362"
5482,Eclépens,40,"80,032"
5483,Ferreyres,12,"92,598"
5484,Gollion,38,"77,924"
5485,Grancy,17,"95,350"
5486,L'Isle,36,"73,900"
5487,Lussery-Villars,17,"74,585"
5488,Mauraz,X,X
5489,Mex (VD),42,"108,178"
5490,Moiry,X,X
5491,Mont-la-Ville,16,"77,236"
5492,Montricher,112,"260,506"
5493,Orny,15,"70,637"
5494,Pampigny,41,"79,326"
5495,Penthalaz,97,"70,543"
5496,Penthaz,63,"80,107"
5497,Pompaples,22,"64,148"
5498,La Sarraz,80,"72,618"
5499,Senarclens,19,"90,312"
5500,Sévery,8,"75,162"
5501,Sullens,42,"88,935"
5503,Vufflens-la-Ville,57,"96,176"
5511,Assens,46,"86,335"
5512,Bercher,42,"77,970"
5513,Bioley-Orjulaz,19,"78,201"
5514,Bottens,47,"80,727"
5515,Bretigny-sur-Morrens,31,"81,765"
5516,Cugy (VD),103,"88,941"
5518,Echallens,175,"75,955"
5520,Essertines-sur-Yverdon,35,"79,871"
5521,Etagnières,42,"85,909"
5522,Fey,25,"78,034"
5523,Froideville,97,"80,928"
5527,Morrens (VD),42,"80,998"
5529,Oulens-sous-Echallens,23,"83,950"
5530,Pailly,19,"81,416"
5531,Penthéréaz,16,"81,488"
5533,Poliez-Pittet,27,"76,217"
5534,Rueyres,9,"77,623"
5535,Saint-Barthélemy (VD),26,"78,376"
5537,Villars-le-Terroir,43,"78,121"
5539,Vuarrens,32,"79,638"
5540,Montilliez,67,"81,173"
5541,Goumoëns,39,"86,938"
5551,Bonvillars,20,"79,054"
5552,Bullet,22,"61,952"
5553,Champagne,35,"77,083"
5554,Concise,31,"69,859"
5555,Corcelles-près-Concise,13,"74,441"
5556,Fiez,15,"83,202"
5557,Fontaines-sur-Grandson,7,"74,008"
5559,Giez,19,"95,804"
5560,Grandevent,8,"77,478"
5561,Grandson,118,"78,941"
5562,Mauborget,3,"59,050"
5563,Mutrux,X,X
5564,Novalles,X,X
5565,Onnens (VD),17,"74,520"
5566,Provence,10,"57,211"
5568,Sainte-Croix,117,"54,010"
5571,Tévenon,28,"71,622"
5581,Belmont-sur-Lausanne,199,"120,411"
5582,Cheseaux-sur-Lausanne,153,"78,152"
5583,Crissier,232,"72,463"
5584,Epalinges,415,"103,757"
5585,Jouxtens-Mézery,119,"194,195"
5586,Lausanne,"4,296","73,560"
5587,Le Mont-sur-Lausanne,380,"98,802"
5588,Paudex,88,"120,318"
5589,Prilly,332,"63,669"
5590,Pully,"1,031","115,151"
5591,Renens (VD),449,"60,235"
5592,Romanel-sur-Lausanne,101,"70,287"
5601,Chexbres,92,"86,094"
5604,Forel (Lavaux),74,"79,622"
5606,Lutry,648,"126,918"
5607,Puidoux,91,"76,599"
5609,Rivaz,15,"89,279"
5610,Saint-Saphorin (Lavaux),19,"112,560"
5611,Savigny,129,"87,288"
5613,Bourg-en-Lavaux,284,"112,356"
5621,Aclens,19,"79,585"
5622,Bremblens,30,"121,640"
5623,Buchillon,52,"160,260"
5624,Bussigny,289,"72,222"
5625,Bussy-Chardonney,18,"100,274"
5627,Chavannes-près-Renens,164,"60,704"
5628,Chigny,24,"145,945"
5629,Clarmont,9,"85,905"
5631,Denens,36,"108,454"
5632,Denges,65,"88,697"
5633,Echandens,117,"99,280"
5634,Echichens,143,"107,075"
5635,Ecublens (VD),352,"73,723"
5636,Etoy,111,"93,691"
5637,Lavigny,37,"94,445"
5638,Lonay,125,"101,616"
5639,Lully (VD),44,"122,838"
5640,Lussy-sur-Morges,55,"180,325"
5642,Morges,600,"78,848"
5643,Préverenges,216,"93,437"
5644,Reverolle,16,"95,185"
5645,Romanel-sur-Morges,21,"91,419"
5646,Saint-Prex,263,"100,975"
5648,Saint-Sulpice (VD),257,"127,616"
5649,Tolochenaz,72,"90,826"
5650,Vaux-sur-Morges,42,"579,789"
5651,Villars-Sainte-Croix,41,"93,611"
5652,Villars-sous-Yens,25,"91,195"
5653,Vufflens-le-Château,48,"128,643"
5654,Vullierens,20,"80,184"
5655,Yens,74,"116,253"
5661,Boulens,13,"76,864"
5663,Bussy-sur-Moudon,6,"62,064"
5665,Chavannes-sur-Moudon,6,"66,287"
5669,Curtilles,9,"66,449"
5671,Dompierre (VD),X,X
5673,Hermenches,12,"68,478"
5674,Lovatens,X,X
5675,Lucens,97,"62,801"
5678,Moudon,118,"60,112"
5680,Ogens,9,"66,399"
5683,Prévonloup,6,"69,759"
5684,Rossenges,X,X
5688,Syens,6,"90,774"
5690,Villars-le-Comte,X,X
5692,Vucherens,21,"77,017"
5693,Montanaire,82,"68,090"
5701,Arnex-sur-Nyon,10,"100,518"
5702,Arzier-Le Muids,146,"118,209"
5703,Bassins,63,"101,624"
5704,Begnins,101,"117,806"
5705,Bogis-Bossey,41,"126,713"
5706,Borex,59,"121,168"
5707,Chavannes-de-Bogis,63,"121,759"
5708,Chavannes-des-Bois,53,"151,133"
5709,Chéserex,67,"119,570"
5710,Coinsins,27,"109,231"
5711,Commugny,186,"168,018"
5712,Coppet,226,"169,407"
5713,Crans-près-Céligny,165,"174,330"
5714,Crassier,54,"114,602"
5715,Duillier,55,"114,656"
5716,Eysins,79,"109,484"
5717,Founex,239,"170,948"
5718,Genolier,127,"149,179"
5719,Gingins,77,"134,058"
5720,Givrins,60,"133,769"
5721,Gland,485,"87,700"
5722,Grens,19,"104,948"
5723,Mies,141,"182,529"
5724,Nyon,955,"97,904"
5725,Prangins,212,"122,840"
5726,La Rippe,54,"113,422"
5727,Saint-Cergue,98,"74,356"
5728,Signy-Avenex,28,"108,311"
5729,Tannay,99,"164,838"
5730,Trélex,93,"154,191"
5731,Le Vaud,62,"109,534"
5732,Vich,56,"106,071"
5741,L'Abergement,9,"81,296"
5742,Agiez,10,"70,694"
5743,Arnex-sur-Orbe,21,"73,088"
5744,Ballaigues,29,"60,733"
5745,Baulmes,32,"66,410"
5746,Bavois,32,"68,769"
5747,Bofflens,6,"68,292"
5748,Bretonnières,7,"72,530"
5749,Chavornay,147,"68,972"
5750,Les Clées,6,"68,105"
5752,Croy,12,"63,106"
5754,Juriens,11,"62,351"
5755,Lignerolle,12,"69,111"
5756,Montcherand,19,"92,466"
5757,Orbe,189,"65,712"
5758,La Praz,6,"77,023"
5759,Premier,6,"67,005"
5760,Rances,17,"72,573"
5761,Romainmôtier-Envy,15,"63,686"
5762,Sergey,4,"65,055"
5763,Valeyres-sous-Rances,22,"85,008"
5764,Vallorbe,90,"60,065"
5765,Vaulion,13,"59,282"
5766,Vuiteboeuf,17,"65,807"
5785,Corcelles-le-Jorat,18,"77,290"
5788,Essertes,14,"77,603"
5790,Maracon,18,"74,911"
5792,Montpreveyres,21,"76,214"
5798,Ropraz,16,"73,751"
5799,Servion,76,"86,153"
5803,Vulliens,21,"70,023"
5804,Jorat-Menthue,50,"74,995"
5805,Oron,153,"69,318"
5806,Jorat-Mézières,99,"76,639"
5812,Champtauroz,4,"66,513"
5813,Chevroux,16,"71,179"
5816,Corcelles-près-Payerne,66,"61,761"
5817,Grandcour,27,"68,023"
5819,Henniez,10,"67,720"
5821,Missy,10,"65,587"
5822,Payerne,223,"61,202"
5827,Trey,8,"61,933"
5828,Treytorrens (Payerne),3,"55,664"
5830,Villarzel,13,"72,799"
5831,Valbroye,88,"65,105"
5841,Château-d'Oex,95,"54,019"
5842,Rossinière,14,"61,536"
5843,Rougemont,45,"74,971"
5851,Allaman,20,"98,512"
5852,Bursinel,27,"138,234"
5853,Bursins,38,"105,627"
5854,Burtigny,14,"91,270"
5855,Dully,52,"188,977"
5856,Essertines-sur-Rolle,33,"115,587"
5857,Gilly,74,"116,479"
5858,Luins,30,"102,458"
5859,Mont-sur-Rolle,123,"109,534"
5860,Perroy,73,"114,160"
5861,Rolle,261,"101,674"
5862,Tartegnin,9,"97,858"
5863,Vinzel,17,"109,203"
5871,L'Abbaye,48,"68,959"
5872,Le Chenit,140,"66,116"
5873,Le Lieu,28,"67,512"
5881,Blonay,310,"113,049"
5882,Chardonne,154,"98,009"
5883,Corseaux,135,"116,693"
5884,Corsier-sur-Vevey,112,"70,476"
5885,Jongny,84,"107,450"
5886,Montreux,838,"73,595"
5888,Saint-Légier-La Chiésaz,276,"114,299"
5889,La Tour-de-Peilz,498,"90,376"
5890,Vevey,573,"69,194"
5891,Veytaux,34,"70,411"
5902,Belmont-sur-Yverdon,13,"75,179"
5903,Bioley-Magnoux,7,"63,626"
5904,Chamblon,22,"85,852"
5905,Champvent,20,"76,266"
5907,Chavannes-le-Chêne,11,"65,585"
5908,Chêne-Pâquier,X,X
5909,Cheseaux-Noréaz,36,"121,922"
5910,Cronay,12,"68,744"
5911,Cuarny,8,"70,783"
5912,Démoret,4,"64,394"
5913,Donneloye,26,"75,623"
5914,Ependes (VD),11,"64,556"
5919,Mathod,19,"69,483"
5921,Molondin,6,"59,650"
5922,Montagny-près-Yverdon,24,"75,418"
5923,Oppens,6,"73,701"
5924,Orges,11,"82,360"
5925,Orzens,6,"69,648"
5926,Pomy,26,"81,558"
5928,Rovray,6,"75,149"
5929,Suchy,21,"81,166"
5930,Suscévaz,6,"68,940"
5931,Treycovagnes,17,"82,697"
5932,Ursins,8,"83,305"
5933,Valeyres-sous-Montagny,25,"77,015"
5934,Valeyres-sous-Ursins,8,"78,902"
5935,Villars-Epeney,5,"110,987"
5937,Vugelles-La Mothe,4,"72,260"
5938,Yverdon-les-Bains,730,"61,649"
5939,Yvonand,102,"67,055"
6002,Brig-Glis,417,"68,144"
6004,Eggerberg,9,"56,325"
6007,Naters,302,"61,386"
6008,Ried-Brig,61,"68,094"
6009,Simplon,9,"61,177"
6010,Termen,31,"68,284"
6011,Zwischbergen,3,"54,556"
6021,Ardon,81,"60,281"
6022,Chamoson,108,"59,083"
6023,Conthey,225,"58,947"
6024,Nendaz,215,"49,702"
6025,Vétroz,164,"63,997"
6031,Bagnes,481,"78,868"
6032,Bourg-Saint-Pierre,5,"49,897"
6033,Liddes,17,"50,080"
6034,Orsières,84,"55,616"
6035,Sembrancher,25,"52,424"
6036,Vollèges,55,"63,016"
6052,Bellwald,10,"26,118"
6054,Binn,3,"47,493"
6056,Ernen,15,"42,053"
6057,Fiesch,25,"44,176"
6058,Fieschertal,8,"50,850"
6061,Lax,7,"39,264"
6076,Obergoms,16,"53,323"
6077,Goms,31,"52,466"
6082,Ayent,120,"50,354"
6083,Evolène,48,"48,529"
6084,Hérémence,48,"50,120"
6087,Saint-Martin (VS),23,"54,724"
6089,Vex,55,"40,891"
6090,Mont-Noble,38,"56,976"
6101,Agarn,19,"55,656"
6102,Albinen,7,"44,232"
6104,Ergisch,6,"58,912"
6109,Inden,3,"49,311"
6110,Leuk,103,"56,886"
6111,Leukerbad,34,"40,498"
6112,Oberems,3,"42,752"
6113,Salgesch,50,"72,595"
6116,Varen,17,"53,374"
6117,Guttet-Feschel,11,"52,355"
6118,Gampel-Bratsch,55,"58,600"
6119,Turtmann-Unterems,28,"57,152"
6131,Bovernier,21,"53,578"
6132,Charrat,47,"58,612"
6133,Fully,239,"62,880"
6134,Isérables,20,"47,727"
6135,Leytron,95,"58,011"
6136,Martigny,514,"62,513"
6137,Martigny-Combe,72,"61,715"
6139,Riddes,86,"48,051"
6140,Saillon,76,"61,922"
6141,Saxon,144,"54,489"
6142,Trient,4,"52,983"
6151,Champéry,56,"57,266"
6152,Collombey-Muraz,262,"64,373"
6153,Monthey,503,"61,901"
6154,Port-Valais,121,"64,221"
6155,Saint-Gingolph,28,"57,159"
6156,Troistorrents,148,"59,237"
6157,Val-d'Illiez,60,"45,445"
6158,Vionnaz,84,"59,541"
6159,Vouvry,114,"62,007"
6172,Bister,1,"41,804"
6173,Bitsch,28,"59,493"
6177,Grengiols,9,"46,303"
6181,Riederalp,12,"31,146"
6191,Ausserberg,19,"63,698"
6192,Blatten,9,"59,549"
6193,Bürchen,21,"47,947"
6194,Eischoll,12,"48,226"
6195,Ferden,7,"54,704"
6197,Kippel,9,"50,059"
6198,Niedergesteln,20,"61,827"
6199,Raron,55,"63,024"
6201,Unterbäch,14,"54,269"
6202,Wiler (Lötschen),15,"47,241"
6203,Mörel-Filet,17,"47,472"
6204,Steg-Hohtenn,45,"59,617"
6205,Bettmeralp,16,"41,446"
6211,Collonges,23,"60,450"
6212,Dorénaz,25,"55,415"
6213,Evionnaz,34,"56,879"
6214,Finhaut,12,"65,346"
6215,Massongex,53,"60,975"
6217,Saint-Maurice,103,"56,592"
6218,Salvan,40,"53,367"
6219,Vernayaz,44,"55,448"
6220,Vérossaz,21,"63,432"
6232,Chalais,98,"56,419"
6235,Chippis,35,"54,921"
6238,Grône,59,"54,024"
6239,Icogne,26,"60,372"
6240,Lens,220,"71,706"
6241,Miège,43,"70,414"
6246,Saint-Léonard,68,"63,373"
6248,Sierre,434,"58,776"
6249,Venthône,47,"73,587"
6250,Veyras,54,"66,207"
6252,Anniviers,94,"39,302"
6253,Crans-Montana,401,"59,394"
6261,Arbaz,41,"58,765"
6263,Grimisuat,118,"78,312"
6265,Savièse,266,"68,600"
6266,Sion,"1,030","64,701"
6267,Veysonnaz,18,"38,583"
6281,Baltschieder,39,"70,222"
6282,Eisten,5,"47,185"
6283,Embd,7,"53,760"
6285,Grächen,32,"41,181"
6286,Lalden,21,"67,746"
6287,Randa,10,"51,107"
6288,Saas-Almagell,9,"54,480"
6289,Saas-Balen,10,"51,949"
6290,Saas-Fee,47,"45,768"
6291,Saas-Grund,24,"52,457"
6292,St. Niklaus,54,"53,135"
6293,Stalden (VS),31,"57,793"
6294,Staldenried,15,"53,478"
6295,Täsch,26,"49,248"
6296,Törbel,14,"55,222"
6297,Visp,251,"67,298"
6298,Visperterminen,39,"65,787"
6299,Zeneggen,8,"61,831"
6300,Zermatt,198,"68,564"
6404,Boudry,178,"68,109"
6407,Corcelles-Cormondrèche,177,"85,807"
6408,Cortaillod,155,"73,178"
6412,Peseux,152,"66,074"
6413,Rochefort,43,"75,034"
6416,Milvignes,335,"80,835"
6417,La Grande Béroche,320,"80,264"
6421,La Chaux-de-Fonds,919,"59,749"
6422,Les Planchettes,6,"66,826"
6423,La Sagne,27,"59,023"
6431,Les Brenets,30,"63,997"
6432,La Brévine,16,"60,543"
6433,Brot-Plamboz,X,X
6434,Le Cerneux-Péquignot,9,"65,237"
6435,La Chaux-du-Milieu,13,"64,822"
6436,Le Locle,228,"57,335"
6437,Les Ponts-de-Martel,31,"60,652"
6451,Cornaux,44,"63,889"
6452,Cressier (NE),51,"65,086"
6453,Enges,8,"68,593"
6454,Hauterive (NE),89,"74,487"
6455,Le Landeron,140,"67,860"
6456,Lignières,26,"65,711"
6458,Neuchâtel,"1,014","70,204"
6459,Saint-Blaise,127,"86,024"
6461,La Tène,150,"73,337"
6485,Valangin,13,"59,192"
6487,Val-de-Ruz,500,"68,601"
6504,La Côte-aux-Fées,9,"51,980"
6511,Les Verrières,14,"53,370"
6512,Val-de-Travers,259,"56,540"
6601,Aire-la-Ville,53,"109,162"
6602,Anières,255,"285,301"
6603,Avully,63,"81,717"
6604,Avusy,74,"120,895"
6605,Bardonnex,103,"99,148"
6606,Bellevue,127,"116,549"
6607,Bernex,429,"96,480"
6608,Carouge (GE),784,"83,915"
6609,Cartigny,52,"123,888"
6610,Céligny,47,"168,645"
6611,Chancy,55,"87,687"
6612,Chêne-Bougeries,794,"159,786"
6613,Chêne-Bourg,282,"82,006"
6614,Choulex,76,"137,568"
6615,Collex-Bossy,70,"116,878"
6616,Collonge-Bellerive,679,"208,087"
6617,Cologny,910,"392,436"
6618,Confignon,211,"113,666"
6619,Corsier (GE),175,"188,746"
6620,Dardagny,60,"82,454"
6621,Genève,"7,216","86,457"
6622,Genthod,232,"234,599"
6623,Le Grand-Saconnex,343,"89,608"
6624,Gy,30,"145,703"
6625,Hermance,66,"166,654"
6626,Jussy,80,"153,920"
6627,Laconnex,34,"108,958"
6628,Lancy,"1,045","76,944"
6629,Meinier,99,"106,065"
6630,Meyrin,641,"69,845"
6631,Onex,571,"74,728"
6632,Perly-Certoux,120,"84,419"
6633,Plan-les-Ouates,441,"102,992"
6634,Pregny-Chambésy,212,"180,470"
6635,Presinge,33,"114,023"
6636,Puplinge,102,"94,845"
6637,Russin,41,"175,244"
6638,Satigny,168,"102,743"
6639,Soral,44,"106,537"
6640,Thônex,529,"90,762"
6641,Troinex,148,"139,406"
6642,Vandoeuvres,282,"263,335"
6643,Vernier,821,"66,597"
6644,Versoix,439,"99,161"
6645,Veyrier,661,"145,387"
6702,Boécourt,26,"66,655"
6703,Bourrignon,X,X
6704,Châtillon (JU),15,"69,502"
6706,Courchapoix,11,"57,720"
6708,Courrendlin,89,"61,475"
6709,Courroux,97,"67,969"
6710,Courtételle,77,"64,736"
6711,Delémont,344,"63,610"
6712,Develier,39,"67,605"
6713,Ederswiler,X,X
6715,Mervelier,X,X
6716,Mettembert,3,"60,550"
6718,Movelier,11,"56,244"
6719,Pleigne,9,"56,092"
6721,Rossemaison,24,"71,460"
6722,Saulcy,X,X
6724,Soyhières,12,"57,681"
6729,Haute-Sorne,178,"57,684"
6730,Val Terbi,83,"61,444"
6741,Le Bémont (JU),9,"65,685"
6742,Les Bois,39,"73,723"
6743,Les Breuleux,56,"81,000"
6744,La Chaux-des-Breuleux,X,X
6745,Les Enfers,4,"60,550"
6748,Les Genevez (JU),14,"61,249"
6750,Lajoux (JU),18,"57,788"
6751,Montfaucon,15,"56,680"
6753,Muriaux,16,"70,606"
6754,Le Noirmont,55,"64,410"
6757,Saignelégier,74,"59,233"
6758,Saint-Brais,5,"54,333"
6759,Soubey,3,"47,846"
6771,Alle,48,"59,548"
6773,Beurnevésin,4,"51,144"
6774,Boncourt,37,"64,513"
6775,Bonfol,17,"54,247"
6778,Bure,19,"63,605"
6781,Coeuve,19,"65,143"
6782,Cornol,26,"56,999"
6783,Courchavon,9,"68,130"
6784,Courgenay,63,"60,611"
6785,Courtedoux,21,"64,460"
6787,Damphreux,5,"54,100"
6789,Fahy,9,"53,723"
6790,Fontenais,47,"64,124"
6792,Grandfontaine,9,"57,864"
6793,Lugnez,4,"57,059"
6800,Porrentruy,186,"61,911"
6806,Vendlincourt,14,"57,929"
6807,Basse-Allaine,29,"56,298"
6808,Clos du Doubs,30,"53,005"
6809,Haute-Ajoie,29,"55,893"
6810,La Baroche,28,"55,312"
,,,
Erhebungszeitpunkte/ -zeiträume:,,1.1.2020  31.12.2020,31.12.2020
Quelle(n):,,ESTV,ESTV
,,,
X = keine Angabe aus Datenschutzgründen,,,
,,,
Statistischer Atlas der Schweiz,,,
18 - Öffentliche Finanzen > Steuern > Durchschnittliches steuerbares Einkommen > Steuerpflichtige 2020,,,
Schweiz / Politische Gemeinden / 18.10.2020,,,
,,,
Kontakt: statatlas@bfs.admin.ch,,,
"© Bundesamt für Statistik, ThemaKart, Neuchâtel 20092024",,,
